ID,Genotype,BCL11A,HBB_HBD,three.five,G1,G2,ZBTB7A,HBB,HBG,(HBB+HBG)/HBA,Donor,AAVS1_gRNA,BCL11A_exon2_gRNA,BCL11A_exon4_gRNA,HBB_gRNA,HBD_gRNA,HBD-3.5kb_gRNA,HBG13bp_gRNA,ZBTB7A_gRNA
AV1-1,wt/wt,0,0,0,0,0,0,0.83,0.25,1.08,3680,1,0,0,0,0,0,0,0
AV1-2,wt/wt,0,0,0,0,0,0,0.59,0.02,0.61,3680,1,0,0,0,0,0,0,0
AV1-3,wt/wt,0,0,0,0,0,0,0.66,0.06,0.71,3680,1,0,0,0,0,0,0,0
AV1-4,wt/wt,0,0,0,0,0,0,0.75,0.09,0.84,3680,1,0,0,0,0,0,0,0
AV1-5,wt/wt,0,0,0,0,0,0,1.46,0.13,1.59,3680,1,0,0,0,0,0,0,0
AV1-6,wt/wt,0,0,0,0,0,0,0.59,0.05,0.64,3680,1,0,0,0,0,0,0,0
AV1-7,wt/wt,0,0,0,0,0,0,0.75,0.23,0.99,3680,1,0,0,0,0,0,0,0
AV1-8,wt/wt,0,0,0,0,0,0,1.96,0.23,2.19,3680,1,0,0,0,0,0,0,0
AV2-1,wt/wt,0,0,0,0,0,0,0.73,0.05,0.78,3734,1,0,0,0,0,0,0,0
AV2-2,wt/wt,0,0,0,0,0,0,0.74,0.05,0.79,3734,1,0,0,0,0,0,0,0
AV2-3,wt/wt,0,0,0,0,0,0,2.14,0.63,2.77,3734,1,0,0,0,0,0,0,0
AV2-4,wt/wt,0,0,0,0,0,0,0.46,0.03,0.49,3734,1,0,0,0,0,0,0,0
AV2-5,wt/wt,0,0,0,0,0,0,0.97,0.11,1.07,3734,1,0,0,0,0,0,0,0
AV2-6,wt/wt,0,0,0,0,0,0,0.52,0.17,0.69,3734,1,0,0,0,0,0,0,0
AV2-7,wt/wt,0,0,0,0,0,0,0.8,0.42,1.22,3734,1,0,0,0,0,0,0,0
AV3-1,wt/wt,0,0,0,0,0,0,1.12,0.17,1.29,3684,1,0,0,0,0,0,0,0
AV3-2,wt/wt,0,0,0,0,0,0,1.48,0.05,1.53,3684,1,0,0,0,0,0,0,0
AV3-3,wt/wt,0,0,0,0,0,0,0.8,0.09,0.88,3684,1,0,0,0,0,0,0,0
AV3-4,wt/wt,0,0,0,0,0,0,0.99,0.18,1.17,3684,1,0,0,0,0,0,0,0
AV3-5,wt/wt,0,0,0,0,0,0,1.95,0.11,2.06,3684,1,0,0,0,0,0,0,0
AV3-6,wt/wt,0,0,0,0,0,0,1.69,0.02,1.72,3684,1,0,0,0,0,0,0,0
AV3-7,wt/wt,0,0,0,0,0,0,0.73,0.19,0.92,3684,1,0,0,0,0,0,0,0
Bc-exon2-1,wt/wt,0,0,0,0,0,0,0.48,0.08,0.56,3729,0,1,0,0,0,0,0,0
Bc-exon2-2,wt/wt,0,0,0,0,0,0,1.4,0.48,1.89,3729,0,1,0,0,0,0,0,0
Bc-exon2-3,wt/wt,0,0,0,0,0,0,0.73,0.17,0.9,3729,0,1,0,0,0,0,0,0
Bc-exon2-4,wt/wt,0,0,0,0,0,0,0.48,0.06,0.54,3729,0,1,0,0,0,0,0,0
Bc-exon2-5,wt/wt,0,0,0,0,0,0,0.46,0.12,0.58,3701,0,1,0,0,0,0,0,0
Bc-exon2-6,wt/wt,0,0,0,0,0,0,0.44,0.24,0.67,3701,0,1,0,0,0,0,0,0
Bc-exon2-7,wt/wt,0,0,0,0,0,0,1.01,0.23,1.25,3701,0,1,0,0,0,0,0,0
Bc-exon2-8,wt/wt,0,0,0,0,0,0,0.66,0.35,1.01,3701,0,1,0,0,0,0,0,0
Bc-exon2-9,wt/Δ,1,0,0,0,0,0,0.21,0.26,0.47,3729,0,1,0,0,0,0,0,0
Bc-exon2-10,wt/Δ,1,0,0,0,0,0,0.24,0.44,0.69,3729,0,1,0,0,0,0,0,0
Bc-exon2-11,wt/Δ,1,0,0,0,0,0,0.19,0.4,0.59,3701,0,1,0,0,0,0,0,0
Bc-exon2-12,wt/Δ,1,0,0,0,0,0,0.37,0.6,0.98,3701,0,1,0,0,0,0,0,0
Bc-exon2-13,wt/Δ,1,0,0,0,0,0,0.12,0.33,0.45,3701,0,1,0,0,0,0,0,0
Bc-exon2-14,wt/Δ,1,0,0,0,0,0,0.31,0.34,0.65,3701,0,1,0,0,0,0,0,0
Bc-exon2-15,wt/Δ,1,0,0,0,0,0,0.3,0.48,0.78,3701,0,1,0,0,0,0,0,0
Bc-exon2-16,wt/Δ,1,0,0,0,0,0,0.28,0.28,0.55,3701,0,1,0,0,0,0,0,0
Bc-exon2-17,wt/Δ,1,0,0,0,0,0,0.52,0.91,1.43,3701,0,1,0,0,0,0,0,0
Bc-exon2-18,Δ/Δ,2,0,0,0,0,0,0.05,0.85,0.9,3729,0,1,0,0,0,0,0,0
Bc-exon2-19,Δ/Δ,2,0,0,0,0,0,0.05,0.97,1.02,3729,0,1,0,0,0,0,0,0
Bc-exon2-20,Δ/Δ,2,0,0,0,0,0,0.08,1.04,1.11,3701,0,1,0,0,0,0,0,0
Bc-exon2-21,Δ/Δ,2,0,0,0,0,0,0.07,0.96,1.03,3701,0,1,0,0,0,0,0,0
Bc-exon2-22,Δ/Δ,2,0,0,0,0,0,0.08,0.91,0.99,3701,0,1,0,0,0,0,0,0
Bc-exon2-23,Δ/Δ,2,0,0,0,0,0,0.05,0.78,0.83,3701,0,1,0,0,0,0,0,0
Bc-exon4-1,wt/wt,0,0,0,0,0,0,0.99,0.09,1.08,3680,0,0,1,0,0,0,0,0
Bc-exon4-2,wt/wt,0,0,0,0,0,0,1.26,0.34,1.6,3680,0,0,1,0,0,0,0,0
Bc-exon4-3,wt/wt,0,0,0,0,0,0,2.14,0.22,2.36,3680,0,0,1,0,0,0,0,0
Bc-exon4-4,wt/wt,0,0,0,0,0,0,0.38,0.2,0.58,3680,0,0,1,0,0,0,0,0
Bc-exon4-5,wt/wt,0,0,0,0,0,0,1.61,0.09,1.71,3734,0,0,1,0,0,0,0,0
Bc-exon4-6,wt/wt,0,0,0,0,0,0,0.95,0.1,1.05,3734,0,0,1,0,0,0,0,0
Bc-exon4-7,wt/Δ,1,0,0,0,0,0,0.28,0.88,1.16,3680,0,0,1,0,0,0,0,0
Bc-exon4-8,wt/Δ,1,0,0,0,0,0,0.24,0.9,1.14,3680,0,0,1,0,0,0,0,0
Bc-exon4-9,wt/Δ,1,0,0,0,0,0,0.25,0.58,0.83,3680,0,0,1,0,0,0,0,0
Bc-exon4-10,wt/Δ,1,0,0,0,0,0,0.12,0.86,0.99,3680,0,0,1,0,0,0,0,0
Bc-exon4-11,wt/Δ,1,0,0,0,0,0,0.26,1.41,1.68,3680,0,0,1,0,0,0,0,0
Bc-exon4-12,wt/Δ,1,0,0,0,0,0,0.14,0.85,0.99,3680,0,0,1,0,0,0,0,0
Bc-exon4-13,wt/Δ,1,0,0,0,0,0,0.31,1.03,1.33,3680,0,0,1,0,0,0,0,0
Bc-exon4-14,wt/Δ,1,0,0,0,0,0,0.21,0.99,1.2,3734,0,0,1,0,0,0,0,0
Bc-exon4-15,Δ/Δ,2,0,0,0,0,0,0.05,0.58,0.64,3680,0,0,1,0,0,0,0,0
Bc-exon4-16,Δ/Δ,2,0,0,0,0,0,0.09,0.75,0.84,3680,0,0,1,0,0,0,0,0
Bc-exon4-17,Δ/Δ,2,0,0,0,0,0,0.06,2.03,2.08,3680,0,0,1,0,0,0,0,0
Bc-exon4-18,Δ/Δ,2,0,0,0,0,0,0.05,1.82,1.86,3680,0,0,1,0,0,0,0,0
Bc-exon4-19,Δ/Δ,2,0,0,0,0,0,0.12,2.27,2.38,3729,0,0,1,0,0,0,0,0
Bc-exon4-20,Δ/Δ,2,0,0,0,0,0,0.01,1.23,1.24,3729,0,0,1,0,0,0,0,0
Bc-exon4-21,Δ/Δ,2,0,0,0,0,0,0.03,1.09,1.11,3729,0,0,1,0,0,0,0,0
Bc-exon4-22,Δ/Δ,2,0,0,0,0,0,0.04,1.85,1.9,3729,0,0,1,0,0,0,0,0
HBB-3.5kb-1,(+/+),0,0,0,0,0,0,1.37,0.26,1.63,3680,0,0,0,1,0,1,0,0
HBB-3.5kb-2,(+/+),0,0,0,0,0,0,0.48,0.08,0.56,3729,0,0,0,1,0,1,0,0
HBB-3.5kb-3,(+/+),0,0,0,0,0,0,0.73,0.17,0.9,3729,0,0,0,1,0,1,0,0
HBB-3.5kb-4,(+/+),0,0,0,0,0,0,0.48,0.06,0.54,3729,0,0,0,1,0,1,0,0
HBB-3.5kb-5,(+/+),0,0,0,0,0,0,0.46,0.12,0.58,3729,0,0,0,1,0,1,0,0
HBB-3.5kb-6,(+/+),0,0,0,0,0,0,1.01,0.23,1.25,3690,0,0,0,1,0,1,0,0
HBB-3.5kb-7,(+/+),0,0,0,0,0,0,0.66,0.35,1.01,3690,0,0,0,1,0,1,0,0
HBB-3.5kb-8,(+/Δ),0,1,1,0,0,0,0.08,0.37,0.45,3729,0,0,0,1,0,1,0,0
HBB-3.5kb-9,(+/Δ),0,1,1,0,0,0,0.12,0.44,0.56,3729,0,0,0,1,0,1,0,0
HBB-3.5kb-10,(+/Δ),0,1,1,0,0,0,0.09,0.52,0.61,3729,0,0,0,1,0,1,0,0
HBB-3.5kb-11,(+/Δ),0,1,1,0,0,0,0.1,0.35,0.45,3690,0,0,0,1,0,1,0,0
HBB-3.5kb-12,(+/Δ),0,1,1,0,0,0,0.07,0.4,0.47,3690,0,0,0,1,0,1,0,0
HBB-3.5kb-13,(+/Δ),0,1,1,0,0,0,0.23,0.59,0.82,3156,0,0,0,1,0,1,0,0
HBB-3.5kb-14,(+/Δ),0,1,1,0,0,0,0.27,0.9,1.17,3717,0,0,0,1,0,1,0,0
HBB-3.5kb-15,(+/Δ),0,1,1,0,0,0,0.28,1.01,1.29,3680,0,0,0,1,0,1,0,0
HBB-3.5kb-16,(+/Δ),0,1,1,0,0,0,0.12,0.71,0.83,3680,0,0,0,1,0,1,0,0
HBB-3.5kb-17,(+/Δ),0,1,1,0,0,0,0.49,1.36,1.85,3156,0,0,0,1,0,1,0,0
HBB-3.5kb-18,Δ/Δ,0,2,2,0,0,0,0,0.45,0.45,3156,0,0,0,1,0,1,0,0
HBB-3.5kb-19,Δ/Δ,0,2,2,0,0,0,0,0.62,0.62,3690,0,0,0,1,0,1,0,0
HBB-3.5kb-20,Δ/Δ,0,2,2,0,0,0,0.02,2.03,2.05,3690,0,0,0,1,0,1,0,0
HBB-3.5kb-21,Δ/Δ,0,2,2,0,0,0,0,0.99,0.99,3744,0,0,0,1,0,1,0,0
HBB-3.5kb-22,Δ/Δ,0,2,2,0,0,0,0,1.85,1.85,3744,0,0,0,1,0,1,0,0
HBB-3.5kb-23,Δ/Δ,0,2,2,0,0,0,0,1.29,1.29,3744,0,0,0,1,0,1,0,0
HBB-3.5kb-24,Δ/Δ,0,2,2,0,0,0,0,1.1,1.1,3744,0,0,0,1,0,1,0,0
HBB-3.5kb-25,Δ/Δ,0,2,2,0,0,0,0,1.8,1.8,3744,0,0,0,1,0,1,0,0
HBB-3.5kb-26,Δ/Δ,0,2,2,0,0,0,0,1.39,1.39,3744,0,0,0,1,0,1,0,0
HBB-HBD-1,(+/+),0,0,0,0,0,0,0.86,0.14,1,3680,0,0,0,1,1,0,0,0
HBB-HBD-2,(+/+),0,0,0,0,0,0,0.85,0.15,1,3680,0,0,0,1,1,0,0,0
HBB-HBD-3,(+/+),0,0,0,0,0,0,0.69,0.36,1.05,3680,0,0,0,1,1,0,0,0
HBB-HBD-4,(+/+),0,0,0,0,0,0,1.13,0.27,1.39,3680,0,0,0,1,1,0,0,0
HBB-HBD-5,(+/+),0,0,0,0,0,0,0.81,0.2,1,3680,0,0,0,1,1,0,0,0
HBB-HBD-6,(+/Δ),0,1,0,0,0,0,0.29,0.12,0.4,3680,0,0,0,1,1,0,0,0
HBB-HBD-7,(+/Δ),0,1,0,0,0,0,0.24,0.18,0.41,3680,0,0,0,1,1,0,0,0
HBB-HBD-8,(+/Δ),0,1,0,0,0,0,0.49,0.22,0.71,3680,0,0,0,1,1,0,0,0
HBB-HBD-9,(+/Δ),0,1,0,0,0,0,0.41,0.16,0.58,3680,0,0,0,1,1,0,0,0
HBB-HBD-10,(+/Δ),0,1,0,0,0,0,0.41,0.24,0.64,3680,0,0,0,1,1,0,0,0
HBB-HBD-11,(+/Δ),0,1,0,0,0,0,0.54,0.3,0.83,3680,0,0,0,1,1,0,0,0
HBB-HBD-12,Δ/Δ,0,2,0,0,0,0,0,0.62,0.62,3680,0,0,0,1,1,0,0,0
HBB-HBD-13,Δ/Δ,0,2,0,0,0,0,0,0.36,0.37,3680,0,0,0,1,1,0,0,0
HBB-HBD-14,Δ/Δ,0,2,0,0,0,0,0,0.29,0.29,3744,0,0,0,1,1,0,0,0
HBB-HBD-15,Δ/Δ,0,2,0,0,0,0,0,0.58,0.58,3744,0,0,0,1,1,0,0,0
HBB-HBD-16,Δ/Δ,0,2,0,0,0,0,0,0.49,0.49,3744,0,0,0,1,1,0,0,0
HBD-3.5kb-1,(+/+),0,0,0,0,0,0,1.77,0.38,2.15,3680,0,0,0,0,1,1,0,0
HBD-3.5kb-2,(+/+),0,0,0,0,0,0,0.51,0.06,0.56,3680,0,0,0,0,1,1,0,0
HBD-3.5kb-3,(+/+),0,0,0,0,0,0,1.12,0.12,1.24,3680,0,0,0,0,1,1,0,0
HBD-3.5kb-4,(+/+),0,0,0,0,0,0,0.69,0.47,1.16,3680,0,0,0,0,1,1,0,0
HBD-3.5kb-5,(+/+),0,0,0,0,0,0,1.13,0.44,1.57,3680,0,0,0,0,1,1,0,0
HBD-3.5kb-6,(+/+),0,0,0,0,0,0,0.67,0.49,1.16,3744,0,0,0,0,1,1,0,0
HBD-3.5kb-7,(+/Δ),0,0,1,0,0,0,0.73,0.23,0.96,3680,0,0,0,0,1,1,0,0
HBD-3.5kb-8,(+/Δ),0,0,1,0,0,0,0.3,0.21,0.51,3680,0,0,0,0,1,1,0,0
HBD-3.5kb-9,(+/Δ),0,0,1,0,0,0,0.53,0.12,0.65,3680,0,0,0,0,1,1,0,0
HBD-3.5kb-10,(+/Δ),0,0,1,0,0,0,0.97,0.15,1.12,3680,0,0,0,0,1,1,0,0
HBD-3.5kb-11,(+/Δ),0,0,1,0,0,0,0.85,0.23,1.08,3680,0,0,0,0,1,1,0,0
HBD-3.5kb-12,(+/Δ),0,0,1,0,0,0,1.03,0.57,1.6,3680,0,0,0,0,1,1,0,0
HBD-3.5kb-13,Δ/Δ,0,0,2,0,0,0,0.91,0.07,0.98,3680,0,0,0,0,1,1,0,0
HBD-3.5kb-14,Δ/Δ,0,0,2,0,0,0,1.36,0.5,1.86,3680,0,0,0,0,1,1,0,0
HBD-3.5kb-15,Δ/Δ,0,0,2,0,0,0,0.78,0.23,1.01,3680,0,0,0,0,1,1,0,0
HBD-3.5kb-16,Δ/Δ,0,0,2,0,0,0,0.72,0.29,1.02,3680,0,0,0,0,1,1,0,0
HBD-3.5kb-17,Δ/Δ,0,0,2,0,0,0,1.42,0.6,2.02,3680,0,0,0,0,1,1,0,0
HBD-3.5kb-18,Δ/Δ,0,0,2,0,0,0,1.21,0.23,1.45,3680,0,0,0,0,1,1,0,0
HBD-3.5kb-19,Δ/Δ,0,0,2,0,0,0,0.95,0.29,1.25,3680,0,0,0,0,1,1,0,0
HBD-3.5kb-20,Δ/Δ,0,0,2,0,0,0,0.73,0.1,0.83,3680,0,0,0,0,1,1,0,0
HBD-3.5kb-21,Δ/Δ,0,0,2,0,0,0,1.04,0.54,1.58,3744,0,0,0,0,1,1,0,0
HBG13bp-1,HBG1+/+; HBG2+/+,0,0,0,0,0,0,0.69,0.02,0.71,3734,0,0,0,0,0,0,1,0
HBG13bp-2,HBG1+/+; HBG2+/+,0,0,0,0,0,0,0.57,0.03,0.6,3734,0,0,0,0,0,0,1,0
HBG13bp-3,HBG1+/+; HBG2+/+,0,0,0,0,0,0,1.01,0.05,1.06,3734,0,0,0,0,0,0,1,0
HBG13bp-4,HBG1+/+; HBG2+/+,0,0,0,0,0,0,0.88,0.03,0.91,3734,0,0,0,0,0,0,1,0
HBG13bp-5,HBG1+/+; HBG2+/+,0,0,0,0,0,0,1.19,0,1.19,3734,0,0,0,0,0,0,1,0
HBG13bp-6,HBG1+/+; HBG2+/+,0,0,0,0,0,0,0.72,0.05,0.77,3734,0,0,0,0,0,0,1,0
HBG13bp-7,HBG1+/+; HBG2+/+,0,0,0,0,0,0,1.61,0.09,1.71,3734,0,0,0,0,0,0,1,0
HBG13bp-8,HBG1+/+; HBG2+/+,0,0,0,0,0,0,0.95,0.1,1.05,3734,0,0,0,0,0,0,1,0
HBG13bp-9,HBG1+/+; HBG2+/+,0,0,0,0,0,0,0.52,0.04,0.55,3717,0,0,0,0,0,0,1,0
HBG13bp-10,HBG1+/+; HBG2+/+,0,0,0,0,0,0,0.64,0.05,0.69,3690,0,0,0,0,0,0,1,0
HBG13bp-11,HBG1+/+; HBG2+/+,0,0,0,0,0,0,0.69,0.04,0.72,3690,0,0,0,0,0,0,1,0
HBG13bp-12,HBG1+/+; HBG2+/Δ,0,0,0,0,1,0,1.09,0.49,1.57,3734,0,0,0,0,0,0,1,0
HBG13bp-13,HBG1+/+; HBG2+/Δ,0,0,0,0,1,0,0.66,0.2,0.86,3734,0,0,0,0,0,0,1,0
HBG13bp-14,HBG1+/+; HBG2+/Δ,0,0,0,0,1,0,1.53,0.32,1.84,3734,0,0,0,0,0,0,1,0
HBG13bp-15,HBG1+/+; HBG2+/Δ,0,0,0,0,1,0,0.9,0.27,1.17,3734,0,0,0,0,0,0,1,0
HBG13bp-16,HBG1+/+; HBG2+/Δ,0,0,0,0,1,0,0.97,0.3,1.27,3734,0,0,0,0,0,0,1,0
HBG13bp-17,HBG1+/+; HBG2+/Δ,0,0,0,0,1,0,0.85,0.32,1.17,3734,0,0,0,0,0,0,1,0
HBG13bp-18,HBG1+/+; HBG2Δ/Δ,0,0,0,0,2,0,0.47,0.53,1,3734,0,0,0,0,0,0,1,0
HBG13bp-19,HBG1+/+; HBG2Δ/Δ,0,0,0,0,2,0,0.47,0.44,0.9,3734,0,0,0,0,0,0,1,0
HBG13bp-20,HBG1+/+; HBG2Δ/Δ,0,0,0,0,2,0,0.34,0.21,0.56,3734,0,0,0,0,0,0,1,0
HBG13bp-21,HBG1+/+; HBG2Δ/Δ,0,0,0,0,2,0,0.56,0.61,1.17,3734,0,0,0,0,0,0,1,0
HBG13bp-22,HBG1+/+; HBG2Δ/Δ,0,0,0,0,2,0,0.19,0.26,0.45,3717,0,0,0,0,0,0,1,0
HBG13bp-23,HBG1+/Δ; HBG2+/Δ,0,0,0,1,1,0,0.51,0.61,1.12,3690,0,0,0,0,0,0,1,0
HBG13bp-24,HBG1+/Δ; HBG2+/Δ,0,0,0,1,1,0,0.38,0.38,0.75,3734,0,0,0,0,0,0,1,0
HBG13bp-25,HBG1+/Δ; HBG2+/Δ,0,0,0,1,1,0,0.75,0.73,1.48,3734,0,0,0,0,0,0,1,0
HBG13bp-26,HBG1+/Δ; HBG2+/Δ,0,0,0,1,1,0,0.49,0.35,0.84,3734,0,0,0,0,0,0,1,0
HBG13bp-27,HBG1+/Δ; HBG2+/Δ,0,0,0,1,1,0,0.85,0.65,1.5,3734,0,0,0,0,0,0,1,0
HBG13bp-28,HBG1+/Δ; HBG2+/Δ,0,0,0,1,1,0,1.09,0.84,1.94,3734,0,0,0,0,0,0,1,0
HBG13bp-29,HBG1+/Δ; HBG2+/Δ,0,0,0,1,1,0,0.62,0.41,1.02,3734,0,0,0,0,0,0,1,0
HBG13bp-30,HBG1+/Δ; HBG2+/Δ,0,0,0,1,1,0,0.59,0.68,1.27,3734,0,0,0,0,0,0,1,0
HBG13bp-31,HBG1+/Δ; HBG2+/Δ,0,0,0,1,1,0,0.32,0.27,0.58,3717,0,0,0,0,0,0,1,0
HBG13bp-32,HBG1+/Δ; HBG2Δ/Δ,0,0,0,1,2,0,0.27,1.04,1.32,3734,0,0,0,0,0,0,1,0
HBG13bp-33,HBG1+/Δ; HBG2Δ/Δ,0,0,0,1,2,0,0.16,0.57,0.73,3717,0,0,0,0,0,0,1,0
HBG13bp-34,HBG1+/Δ; HBG2Δ/Δ,0,0,0,1,2,0,0.49,1.07,1.56,3734,0,0,0,0,0,0,1,0
HBG13bp-35,HBG1+/Δ; HBG2Δ/Δ,0,0,0,1,2,0,0.16,0.69,0.85,3734,0,0,0,0,0,0,1,0
HBG13bp-36,HBG1Δ/Δ; HBG2+/Δ,0,0,0,2,1,0,0.38,1.3,1.68,3734,0,0,0,0,0,0,1,0
BCL11A-exon2xHBB-3.5kb-1,BCL11A-exon2wt/wtxHBB-3.5kb+/+,0,0,0,0,0,0,0.44,0.24,0.67,3717,0,1,0,1,0,1,0,0
BCL11A-exon2xHBB-3.5kb-2,BCL11A-exon2wt/wtxHBB-3.5kb+/+,0,0,0,0,0,0,0.31,0.21,0.52,3717,0,1,0,1,0,1,0,0
BCL11A-exon2xHBB-3.5kb-3,BCL11A-exon2wt/wtxHBB-3.5kb+/+,0,0,0,0,0,0,1.01,0.23,1.25,3690,0,1,0,1,0,1,0,0
BCL11A-exon2xHBB-3.5kb-4,BCL11A-exon2wt/wtxHBB-3.5kb+/+,0,0,0,0,0,0,0.66,0.35,1.01,3729,0,1,0,1,0,1,0,0
BCL11A-exon2xHBB-3.5kb-5,BCL11A-exon2wt/wtxHBB-3.5kb+/+,0,0,0,0,0,0,1.43,0.16,1.59,3729,0,1,0,1,0,1,0,0
BCL11A-exon2xHBB-3.5kb-6,BCL11A-exon2wt/wtxHBB-3.5kb+/+,0,0,0,0,0,0,0.77,0.47,1.24,3729,0,1,0,1,0,1,0,0
BCL11A-exon2xHBB-3.5kb-7,BCL11A-exon2wt/wtxHBB-3.5kb+/+,0,0,0,0,0,0,0.81,0.06,0.87,3729,0,1,0,1,0,1,0,0
BCL11A-exon2xHBB-3.5kb-8,BCL11A-exon2wt/wtxHBB-3.5kb+/+,0,0,0,0,0,0,1.77,0.13,1.9,3690,0,1,0,1,0,1,0,0
BCL11A-exon2xHBB-3.5kb-9,BCL11A-exon2wt/wtxHBB-3.5kb+/+,0,0,0,0,0,0,1.39,0.37,1.77,3690,0,1,0,1,0,1,0,0
BCL11A-exon2xHBB-3.5kb-10,BCL11A-exon2wt/wtxHBB-3.5kb+/+,0,0,0,0,0,0,0.39,0.23,0.63,3690,0,1,0,1,0,1,0,0
BCL11A-exon2xHBB-3.5kb-11,BCL11A-exon2wt/wtxHBB-3.5kb+/+,0,0,0,0,0,0,0.47,0.26,0.73,3690,0,1,0,1,0,1,0,0
BCL11A-exon2xHBB-3.5kb-12,BCL11A-exon2wt/wtxHBB-3.5kb+/Δ,0,1,1,0,0,0,0.1,0.35,0.45,3690,0,1,0,1,0,1,0,0
BCL11A-exon2xHBB-3.5kb-13,BCL11A-exon2wt/wtxHBB-3.5kb+/Δ,0,1,1,0,0,0,0.12,0.44,0.56,3690,0,1,0,1,0,1,0,0
BCL11A-exon2xHBB-3.5kb-14,BCL11A-exon2wt/wtxHBB-3.5kb+/Δ,0,1,1,0,0,0,0.09,0.52,0.61,3690,0,1,0,1,0,1,0,0
BCL11A-exon2xHBB-3.5kb-15,BCL11A-exon2wt/wtxHBB-3.5kb+/Δ,0,1,1,0,0,0,0.07,0.4,0.47,3690,0,1,0,1,0,1,0,0
BCL11A-exon2xHBB-3.5kb-16,BCL11A-exon2wt/wtxHBB-3.5kb+/Δ,0,1,1,0,0,0,0.32,1.48,1.8,3156,0,1,0,1,0,1,0,0
BCL11A-exon2xHBB-3.5kb-17,BCL11A-exon2wt/wtxHBB-3.5kb+/Δ,0,1,1,0,0,0,0.27,0.9,1.17,3156,0,1,0,1,0,1,0,0
BCL11A-exon2xHBB-3.5kb-18,BCL11A-exon2wt/ΔxHBB-3.5kb+/+,1,0,0,0,0,0,0.19,0.4,0.59,3156,0,1,0,1,0,1,0,0
BCL11A-exon2xHBB-3.5kb-19,BCL11A-exon2wt/ΔxHBB-3.5kb+/+,1,0,0,0,0,0,0.37,0.6,0.98,3717,0,1,0,1,0,1,0,0
BCL11A-exon2xHBB-3.5kb-20,BCL11A-exon2wt/ΔxHBB-3.5kb+/+,1,0,0,0,0,0,0.12,0.33,0.45,3717,0,1,0,1,0,1,0,0
BCL11A-exon2xHBB-3.5kb-21,BCL11A-exon2wt/ΔxHBB-3.5kb+/+,1,0,0,0,0,0,0.57,0.66,1.23,3717,0,1,0,1,0,1,0,0
BCL11A-exon2xHBB-3.5kb-22,BCL11A-exon2wt/ΔxHBB-3.5kb+/Δ,1,1,1,0,0,0,0.12,0.62,0.74,3717,0,1,0,1,0,1,0,0
BCL11A-exon2xHBB-3.5kb-23,BCL11A-exon2wt/ΔxHBB-3.5kb+/Δ,1,1,1,0,0,0,0.03,0.39,0.42,3717,0,1,0,1,0,1,0,0
BCL11A-exon2xHBB-3.5kb-24,BCL11A-exon2wt/ΔxHBB-3.5kb+/Δ,1,1,1,0,0,0,0.06,0.75,0.81,3717,0,1,0,1,0,1,0,0
BCL11A-exon2xHBB-3.5kb-25,BCL11A-exon2wt/ΔxHBB-3.5kb+/Δ,1,1,1,0,0,0,0.13,1.4,1.53,3717,0,1,0,1,0,1,0,0
BCL11A-exon2xHBB-3.5kb-26,BCL11A-exon2wt/ΔxHBB-3.5kb+/Δ,1,1,1,0,0,0,0.05,0.97,1.02,3717,0,1,0,1,0,1,0,0
BCL11A-exon2xHBB-3.5kb-27,BCL11A-exon2wt/ΔxHBB-3.5kb+/Δ,1,1,1,0,0,0,0.12,1.74,1.86,3717,0,1,0,1,0,1,0,0
BCL11A-exon2xHBB-3.5kb-28,BCL11A-exon2wt/ΔxHBB-3.5kb+/Δ,1,1,1,0,0,0,0.07,0.53,0.59,3717,0,1,0,1,0,1,0,0
BCL11A-exon2xHBB-3.5kb-29,BCL11A-exon2wt/ΔxHBB-3.5kb+/Δ,1,1,1,0,0,0,0.12,0.78,0.9,3717,0,1,0,1,0,1,0,0
BCL11A-exon2xHBB-3.5kb-30,BCL11A-exon2wt/ΔxHBB-3.5kbΔ/Δ,1,2,2,0,0,0,0,0.39,0.39,3717,0,1,0,1,0,1,0,0
BCL11A-exon2xHBB-3.5kb-31,BCL11A-exon2wt/ΔxHBB-3.5kbΔ/Δ,1,2,2,0,0,0,0,0.33,0.33,3717,0,1,0,1,0,1,0,0
BCL11A-exon2xHBB-3.5kb-32,BCL11A-exon2wt/ΔxHBB-3.5kbΔ/Δ,1,2,2,0,0,0,0,2.68,2.68,3717,0,1,0,1,0,1,0,0
BCL11A-exon2xHBB-3.5kb-33,BCL11A-exon2wt/ΔxHBB-3.5kbΔ/Δ,1,2,2,0,0,0,0.04,0.81,0.84,3717,0,1,0,1,0,1,0,0
BCL11A-exon2xHBB-3.5kb-34,BCL11A-exon2Δ/ΔxHBB-3.5kb+/+,2,0,0,0,0,0,0.09,2,2.09,3717,0,1,0,1,0,1,0,0
BCL11A-exon2xHBB-3.5kb-35,BCL11A-exon2Δ/ΔxHBB-3.5kb+/+,2,0,0,0,0,0,0.09,0.9,0.99,3717,0,1,0,1,0,1,0,0
BCL11A-exon2xHBB-3.5kb-36,BCL11A-exon2Δ/ΔxHBB-3.5kb+/+,2,0,0,0,0,0,0.09,0.67,0.76,3717,0,1,0,1,0,1,0,0
BCL11A-exon2xHBB-3.5kb-37,BCL11A-exon2Δ/ΔxHBB-3.5kb+/+,2,0,0,0,0,0,0.07,0.69,0.76,3717,0,1,0,1,0,1,0,0
BCL11A-exon2xHBB-3.5kb-38,BCL11A-exon2Δ/ΔxHBB-3.5kb+/+,2,0,0,0,0,0,0.05,0.68,0.73,3717,0,1,0,1,0,1,0,0
BCL11A-exon2xHBB-3.5kb-39,BCL11A-exon2Δ/ΔxHBB-3.5kb+/+,2,0,0,0,0,0,0.03,1.3,1.33,3717,0,1,0,1,0,1,0,0
BCL11A-exon2xHBB-3.5kb-40,BCL11A-exon2Δ/ΔxHBB-3.5kb+/Δ,2,1,1,0,0,0,0.3,6.45,6.75,3717,0,1,0,1,0,1,0,0
BCL11A-exon2xHBB-3.5kb-41,BCL11A-exon2Δ/ΔxHBB-3.5kb+/Δ,2,1,1,0,0,0,0,0.31,0.31,3744,0,1,0,1,0,1,0,0
BCL11A-exon2xHBB-3.5kb-42,BCL11A-exon2Δ/ΔxHBB-3.5kb+/Δ,2,1,1,0,0,0,0.01,0.38,0.39,3744,0,1,0,1,0,1,0,0
BCL11A-exon2xHBB-3.5kb-43,BCL11A-exon2Δ/ΔxHBB-3.5kb+/Δ,2,1,1,0,0,0,0,0.93,0.93,3744,0,1,0,1,0,1,0,0
BCL11A-exon2xHBB-3.5kb-44,BCL11A-exon2Δ/ΔxHBB-3.5kb+/Δ,2,1,1,0,0,0,0.06,1.91,1.96,3744,0,1,0,1,0,1,0,0
BCL11A-exon2xHBB-3.5kb-45,BCL11A-exon2Δ/ΔxHBB-3.5kbΔ/Δ,2,2,2,0,0,0,0,1.57,1.57,3744,0,1,0,1,0,1,0,0
BCL11A-exon2xHBB-3.5kb-46,BCL11A-exon2Δ/ΔxHBB-3.5kbΔ/Δ,2,2,2,0,0,0,0,0.66,0.66,3744,0,1,0,1,0,1,0,0
BCL11A-exon2xHBB-3.5kb-47,BCL11A-exon2Δ/ΔxHBB-3.5kbΔ/Δ,2,2,2,0,0,0,0,0.68,0.69,3744,0,1,0,1,0,1,0,0
BCL11A-exon2xHBB-3.5kb-48,BCL11A-exon2Δ/ΔxHBB-3.5kbΔ/Δ,2,2,2,0,0,0,0,0.46,0.46,3744,0,1,0,1,0,1,0,0
BCL11A-exon4xHBB-3.5kb-1,BCL11A-exon4wt/wtxHBB-3.5kb+/+,0,0,0,0,0,0,2.14,0.22,2.36,3729,0,0,1,1,0,1,0,0
BCL11A-exon4xHBB-3.5kb-2,BCL11A-exon4wt/wtxHBB-3.5kb+/+,0,0,0,0,0,0,0.38,0.2,0.58,3729,0,0,1,1,0,1,0,0
BCL11A-exon4xHBB-3.5kb-3,BCL11A-exon4wt/wtxHBB-3.5kb+/+,0,0,0,0,0,0,0.27,0.19,0.46,3729,0,0,1,1,0,1,0,0
BCL11A-exon4xHBB-3.5kb-4,BCL11A-exon4wt/wtxHBB-3.5kb+/Δ,0,1,1,0,0,0,0.08,0.37,0.45,3729,0,0,1,1,0,1,0,0
BCL11A-exon4xHBB-3.5kb-5,BCL11A-exon4wt/ΔxHBB-3.5kb+/+,1,0,0,0,0,0,0.24,0.9,1.14,3729,0,0,1,1,0,1,0,0
BCL11A-exon4xHBB-3.5kb-6,BCL11A-exon4wt/ΔxHBB-3.5kb+/Δ,1,1,1,0,0,0,0.05,0.57,0.61,3680,0,0,1,1,0,1,0,0
BCL11A-exon4xHBB-3.5kb-7,BCL11A-exon4wt/ΔxHBB-3.5kb+/Δ,1,1,1,0,0,0,0.08,0.47,0.55,3680,0,0,1,1,0,1,0,0
BCL11A-exon4xHBB-3.5kb-8,BCL11A-exon4wt/ΔxHBB-3.5kb+/Δ,1,1,1,0,0,0,0.07,0.38,0.45,3680,0,0,1,1,0,1,0,0
BCL11A-exon4xHBB-3.5kb-9,BCL11A-exon4wt/ΔxHBB-3.5kb+/Δ,1,1,1,0,0,0,0.03,0.73,0.76,3680,0,0,1,1,0,1,0,0
BCL11A-exon4xHBB-3.5kb-10,BCL11A-exon4wt/ΔxHBB-3.5kbΔ/Δ,1,2,2,0,0,0,0,1.38,1.38,3680,0,0,1,1,0,1,0,0
BCL11A-exon4xHBB-3.5kb-11,BCL11A-exon4Δ/ΔxHBB-3.5kb+/+,2,0,0,0,0,0,0.01,1.23,1.24,3680,0,0,1,1,0,1,0,0
BCL11A-exon4xHBB-3.5kb-12,BCL11A-exon4Δ/ΔxHBB-3.5kb+/+,2,0,0,0,0,0,0,1.74,1.74,3680,0,0,1,1,0,1,0,0
BCL11A-exon4xHBB-3.5kb-13,BCL11A-exon4Δ/ΔxHBB-3.5kb+/+,2,0,0,0,0,0,0.03,1.09,1.11,3680,0,0,1,1,0,1,0,0
BCL11A-exon4xHBB-3.5kb-14,BCL11A-exon4Δ/ΔxHBB-3.5kb+/+,2,0,0,0,0,0,0.04,1.85,1.9,3680,0,0,1,1,0,1,0,0
BCL11A-exon4xHBB-3.5kb-15,BCL11A-exon4Δ/ΔxHBB-3.5kb+/Δ,2,1,1,0,0,0,0.05,2.19,2.24,3680,0,0,1,1,0,1,0,0
BCL11A-exon4xHBB-3.5kb-16,BCL11A-exon4Δ/ΔxHBB-3.5kb+/Δ,2,1,1,0,0,0,0.06,1.65,1.71,3680,0,0,1,1,0,1,0,0
BCL11A-exon4xHBB-3.5kb-17,BCL11A-exon4Δ/ΔxHBB-3.5kb+/Δ,2,1,1,0,0,0,0,0.97,0.97,3680,0,0,1,1,0,1,0,0
BCL11A-exon4xHBB-3.5kb-18,BCL11A-exon4Δ/ΔxHBB-3.5kbΔ/Δ,2,2,2,0,0,0,0.09,2.28,2.37,3680,0,0,1,1,0,1,0,0
BCL11A-exon4xHBB-3.5kb-19,BCL11A-exon4Δ/ΔxHBB-3.5kbΔ/Δ,2,2,2,0,0,0,0.02,1.1,1.12,3680,0,0,1,1,0,1,0,0
BCL11A-exon4xHBB-3.5kb-20,BCL11A-exon4Δ/ΔxHBB-3.5kbΔ/Δ,2,2,2,0,0,0,0,1.55,1.55,3680,0,0,1,1,0,1,0,0
BCL11A-exon2xHBG-1,BCL11A-exon2wt/wtxHBG++++,0,0,0,0,0,0,0.5,0.13,0.63,3738,0,1,0,0,0,0,1,0
BCL11A-exon2xHBG-2,BCL11A-exon2wt/wtxHBG++++,0,0,0,0,0,0,0.59,0.12,0.71,3738,0,1,0,0,0,0,1,0
BCL11A-exon2xHBG-3,BCL11A-exon2wt/wtxHBG++++,0,0,0,0,0,0,0.77,0.07,0.83,3717,0,1,0,0,0,0,1,0
BCL11A-exon2xHBG-4,BCL11A-exon2wt/wtxHBG++++,0,0,0,0,0,0,0.77,0.17,0.94,3717,0,1,0,0,0,0,1,0
BCL11A-exon2xHBG-5,BCL11A-exon2wt/wtxHBG++++,0,0,0,0,0,0,2.55,0.39,2.94,3717,0,1,0,0,0,0,1,0
BCL11A-exon2xHBG-6,BCL11A-exon2wt/wtxHBG++ΔΔ,0,0,0,0,2,0,0.38,0.29,0.67,3717,0,1,0,0,0,0,1,0
BCL11A-exon2xHBG-7,BCL11A-exon2wt/ΔxHBG++++,1,0,0,0,0,0,0.52,0.91,1.43,3717,0,1,0,0,0,0,1,0
BCL11A-exon2xHBG-8,BCL11A-exon2wt/ΔxHBG++++,1,0,0,0,0,0,0.3,0.31,0.61,3717,0,1,0,0,0,0,1,0
BCL11A-exon2xHBG-9,BCL11A-exon2wt/ΔxHBG++ΔΔ,1,0,0,0,2,0,0.37,1.21,1.59,3717,0,1,0,0,0,0,1,0
BCL11A-exon2xHBG-10,BCL11A-exon2wt/ΔxHBG++ΔΔ,1,0,0,1,1,0,0.27,0.85,1.11,3738,0,1,0,0,0,0,1,0
BCL11A-exon2xHBG-11,BCL11A-exon2Δ/ΔxHBG++ΔΔ,2,0,0,1,1,0,0.06,0.41,0.47,3738,0,1,0,0,0,0,1,0
BCL11A-exon2xHBG-12,BCL11A-exon2Δ/ΔxHBG++ΔΔ,2,0,0,1,1,0,0.05,0.27,0.32,3738,0,1,0,0,0,0,1,0
BCL11A-exon2xHBG-13,BCL11A-exon2Δ/ΔxHBG++ΔΔ,2,0,0,1,1,0,0.1,0.56,0.66,3717,0,1,0,0,0,0,1,0
BCL11A-exon2xHBG-14,BCL11A-exon2Δ/ΔxHBG++ΔΔ,2,0,0,1,1,0,0.1,0.55,0.64,3717,0,1,0,0,0,0,1,0
BCL11A-exon2xHBG-15,BCL11A-exon2Δ/ΔxHBG++ΔΔ,2,0,0,0,2,0,0.25,1.73,1.98,3717,0,1,0,0,0,0,1,0
BCL11A-exon4xHBG-1,BCL11A-exon4wt/wtxHBG++++,0,0,0,0,0,0,1.23,0.08,1.31,3684,0,0,1,0,0,0,1,0
BCL11A-exon4xHBG-2,BCL11A-exon4wt/wtxHBG++++,0,0,0,0,0,0,0.59,0.04,0.63,3684,0,0,1,0,0,0,1,0
BCL11A-exon4xHBG-3,BCL11A-exon4wt/wtxHBG++ΔΔ,0,0,0,1,1,0,0.63,0.54,1.17,3734,0,0,1,0,0,0,1,0
BCL11A-exon4xHBG-4,BCL11A-exon4wt/wtxHBG++ΔΔ,0,0,0,1,1,0,0.64,0.65,1.28,3684,0,0,1,0,0,0,1,0
BCL11A-exon4xHBG-5,BCL11A-exon4wt/ΔxHBG++++,1,0,0,0,0,0,0.27,0.65,0.91,3734,0,0,1,0,0,0,1,0
BCL11A-exon4xHBG-6,BCL11A-exon4wt/ΔxHBG++++,1,0,0,0,0,0,0.16,0.66,0.82,3684,0,0,1,0,0,0,1,0
BCL11A-exon4xHBG-7,BCL11A-exon4Δ/ΔxHBG++++,2,0,0,0,0,0,0.07,1.34,1.4,3734,0,0,1,0,0,0,1,0
BCL11A-exon4xHBG-8,BCL11A-exon4Δ/ΔxHBG++++,2,0,0,0,0,0,0.09,1.15,1.24,3734,0,0,1,0,0,0,1,0
BCL11A-exon4xHBG-9,BCL11A-exon4Δ/ΔxHBG++ΔΔ,2,0,0,1,1,0,0.13,0.84,0.97,3734,0,0,1,0,0,0,1,0
BCL11A-exon4xHBG-10,BCL11A-exon4Δ/ΔxHBG++ΔΔ,2,0,0,2,0,0,0.27,0.95,1.22,3734,0,0,1,0,0,0,1,0
BCL11A-exon4xHBG-11,BCL11A-exon4Δ/ΔxHBG++ΔΔ,2,0,0,1,1,0,0.16,1.12,1.28,3734,0,0,1,0,0,0,1,0
BCL11A-exon4xHBG-12,BCL11A-exon4Δ/ΔxHBG+ΔΔΔ,2,0,0,1,2,0,0.14,0.41,0.56,3684,0,0,1,0,0,0,1,0
BCL11A-exon4xHBG-13,BCL11A-exon4Δ/ΔxHBG+ΔΔΔ,2,0,0,1,2,0,0.2,0.67,0.87,3684,0,0,1,0,0,0,1,0
BCL11A-exon4xHBG-14,BCL11A-exon4Δ/ΔxHBGΔΔΔΔ,2,0,0,2,2,0,0.3,0.54,0.85,3734,0,0,1,0,0,0,1,0
BCL11A-exon2xHBB-3.5kb-20,BCL11A-exon2wt/wtxHBB-3.5kbΔ/Δ,0,2,2,0,0,0,0,0.92,0.92,3771,0,1,0,1,0,1,0,0
BCL11A-exon2xHBB-3.5kb-21,BCL11A-exon2wt/wtxHBB-3.5kbΔ/Δ,0,2,2,0,0,0,0,0.63,0.63,3771,0,1,0,1,0,1,0,0
BCL11A-exon2xHBB-3.5kb-26,BCL11A-exon2wt/ΔxHBB-3.5kb+/+,1,0,0,0,0,0,0.78,0.9,1.67,3771,0,1,0,1,0,1,0,0
BCL11A-exon2xHBB-3.5kb-50,BCL11A-exon2Δ/ΔxHBB-3.5kb+/Δ,2,1,1,0,0,0,0.03,0.47,0.5,3771,0,1,0,1,0,1,0,0
BCL11A-exon4xHBB-3.5kb-4,BCL11A-exon4wt/wtxHBB-3.5kb+/+,0,0,0,0,0,0,0.5,0.2,0.7,3771,0,0,1,1,0,1,0,0
BCL11A-exon4xHBB-3.5kb-5,BCL11A-exon4wt/wtxHBB-3.5kb+/+,0,0,0,0,0,0,0.57,0.35,0.93,3771,0,0,1,1,0,1,0,0
BCL11A-exon4xHBB-3.5kb-7,BCL11A-exon4wt/wtxHBB-3.5kb+/Δ,0,1,1,0,0,0,0.23,0.57,0.81,3771,0,0,1,1,0,1,0,0
BCL11A-exon4xHBB-3.5kb-8,BCL11A-exon4wt/wtxHBB-3.5kbΔ/Δ,0,2,2,0,0,0,0,0.57,0.57,3771,0,0,1,1,0,1,0,0
BCL11A-exon4xHBB-3.5kb-9,BCL11A-exon4wt/wtxHBB-3.5kbΔ/Δ,0,2,2,0,0,0,0,0.87,0.87,3771,0,0,1,1,0,1,0,0
BCL11A-exon4xHBB-3.5kb-10,BCL11A-exon4wt/wtxHBB-3.5kbΔ/Δ,0,2,2,0,0,0,0,0.57,0.57,3771,0,0,1,1,0,1,0,0
BCL11A-exon4xHBB-3.5kb-11,BCL11A-exon4wt/wtxHBB-3.5kbΔ/Δ,0,2,2,0,0,0,0,0.57,0.57,3771,0,0,1,1,0,1,0,0
BCL11A-exon4xHBB-3.5kb-15,BCL11A-exon4wt/ΔxHBB-3.5kb+/+,1,0,0,0,0,0,0.09,0.71,0.8,3771,0,0,1,1,0,1,0,0
BCL11A-exon4xHBB-3.5kb-16,BCL11A-exon4wt/ΔxHBB-3.5kb+/+,1,0,0,0,0,0,0.25,0.62,0.87,3771,0,0,1,1,0,1,0,0
BCL11A-exon4xHBB-3.5kb-17,BCL11A-exon4wt/ΔxHBB-3.5kb+/+,1,0,0,0,0,0,0.31,0.71,1.01,3771,0,0,1,1,0,1,0,0
BCL11A-exon4xHBB-3.5kb-24,BCL11A-exon4wt/ΔxHBB-3.5kb+/Δ,1,1,1,0,0,0,0.18,1.52,1.69,3771,0,0,1,1,0,1,0,0
BCL11A-exon4xHBB-3.5kb-26,BCL11A-exon4wt/ΔxHBB-3.5kbΔ/Δ,1,2,2,0,0,0,0,0.87,0.87,3771,0,0,1,1,0,1,0,0
BCL11A-exon4xHBB-3.5kb-38,BCL11A-exon4Δ/ΔxHBB-3.5kbΔ/Δ,2,2,2,0,0,0,0,1.41,1.41,3771,0,0,1,1,0,1,0,0
BCL11A-exon2xHBB-3.5kb-12,BCL11A-exon2wt/wtxHBB-3.5kb+/+,0,0,0,0,0,0,1.39,0.03,1.42,3771,0,1,0,1,0,1,0,0
BCL11A-exon2xHBB-3.5kb-13,BCL11A-exon2wt/wtxHBB-3.5kb+/+,0,0,0,0,0,0,0.63,0.07,0.7,3771,0,1,0,1,0,1,0,0
BCL11A-exon2xHBB-3.5kb-45,BCL11A-exon2Δ/ΔxHBB-3.5kb+/+,2,0,0,0,0,0,0.07,1.34,1.41,3771,0,1,0,1,0,1,0,0
BCL11A-exon4xHBB-3.5kb-12,BCL11A-exon4wt/wtxHBB-3.5kbΔ/Δ,0,2,2,0,0,0,0,0.71,0.71,3771,0,0,1,1,0,1,0,0
BCL11A-exon4xHBB-3.5kb-13,BCL11A-exon4wt/wtxHBB-3.5kbΔ/Δ,0,2,2,0,0,0,0,0.62,0.62,3771,0,0,1,1,0,1,0,0
BCL11A-exon4xHBB-3.5kb-18,BCL11A-exon4wt/ΔxHBB-3.5kb+/+,1,0,0,0,0,0,0.2,0.57,0.78,3771,0,0,1,1,0,1,0,0
BCL11A-exon4xHBB-3.5kb-23,BCL11A-exon4wt/ΔxHBB-3.5kb+/Δ,1,1,1,0,0,0,0.13,0.87,1,3771,0,0,1,1,0,1,0,0
BCL11A-exon4xHBB-3.5kb-31,BCL11A-exon4Δ/ΔxHBB-3.5kb+/+,2,0,0,0,0,0,0.05,0.81,0.86,3771,0,0,1,1,0,1,0,0
BCL11A-exon4xHBB-3.5kb-39,BCL11A-exon4Δ/ΔxHBB-3.5kbΔ/Δ,2,2,2,0,0,0,0,0.71,0.71,3771,0,0,1,1,0,1,0,0
BCL11A-exon2xHBG-6,BCL11A-exon2wt/wtxHBG++++,0,0,0,0,0,0,1.32,0.16,1.48,3771,0,1,0,0,0,0,1,0
BCL11A-exon2xHBG-12,BCL11A-exon2wt/ΔxHBG++ΔΔ,1,0,0,0,2,0,0.3,0.69,0.99,3771,0,1,0,0,0,0,1,0
BCL11A-exon4xHBG-7,BCL11A-exon4wt/ΔxHBG++ΔΔ,1,0,0,1,1,0,0.23,0.88,1.11,3771,0,0,1,0,0,0,1,0
BCL11A-exon4xHBG-8,BCL11A-exon4wt/ΔxHBG++ΔΔ,1,0,0,0,2,0,0.31,1.58,1.89,3771,0,0,1,0,0,0,1,0
BCL11A-exon4xHBG-11,BCL11A-exon4Δ/ΔxHBG+++Δ,2,0,0,0,1,0,0.06,1.66,1.72,3771,0,0,1,0,0,0,1,0
BCL11A-exon2xHBG-18,BCL11A-exon2wt/wtxHBG+ΔΔΔ,0,0,0,1,2,0,0.11,0.5,0.61,3740,0,1,0,0,0,0,1,0
BCL11A-exon2xHBG-19,BCL11A-exon2wt/ΔxHBG++++,1,0,0,0,0,0,0.11,0.25,0.36,3740,0,1,0,0,0,0,1,0
BCL11A-exon2xHBG-20,BCL11A-exon2Δ/ΔxHBG+++Δ,2,0,0,1,0,0,0.11,0.96,1.06,3740,0,1,0,0,0,0,1,0
BCL11A-exon4xHBG-18,BCL11A-exon4wt/wtxHBG++ΔΔ,0,0,0,2,0,0,0.15,0.32,0.47,3740,0,0,1,0,0,0,1,0
BCL11A-exon4xHBG-19,BCL11A-exon4wt/wtxHBG+ΔΔΔ,0,0,0,1,2,0,0.15,0.59,0.74,3740,0,0,1,0,0,0,1,0
BCL11A-exon4xHBG-20,BCL11A-exon4wt/wtxHBGΔΔΔΔ,0,0,0,2,2,0,0.09,0.82,0.91,3740,0,0,1,0,0,0,1,0
BCL11A-exon4xHBG-21,BCL11A-exon4wt/ΔxHBG++++,1,0,0,0,0,0,0.28,1.35,1.63,3740,0,0,1,0,0,0,1,0
BCL11A-exon4xHBG-22,BCL11A-exon4wt/ΔxHBG++++,1,0,0,0,0,0,0.06,0.35,0.41,3740,0,0,1,0,0,0,1,0
BCL11A-exon4xHBG-23,BCL11A-exon4wt/ΔxHBG+++Δ,1,0,0,0,1,0,0.22,1.33,1.55,3740,0,0,1,0,0,0,1,0
BCL11A-exon4xHBG-24,BCL11A-exon4wt/ΔxHBG++ΔΔ,1,0,0,1,1,0,0.11,1.16,1.27,3740,0,0,1,0,0,0,1,0
BCL11A-exon4xHBG-25,BCL11A-exon4Δ/ΔxHBG++++,2,0,0,0,0,0,0.04,0.53,0.57,3740,0,0,1,0,0,0,1,0
ZBTB7A,ZBTB7Awt/wt,0,0,0,0,0,0,1.06,0.6,1.659921954,3787,0,0,0,0,0,0,0,1
ZBTB7A,ZBTB7Awt/wt,0,0,0,0,0,0,0.54,0.28,0.826588403,3787,0,0,0,0,0,0,0,1
ZBTB7A,ZBTB7Awt/wt,0,0,0,0,0,0,1.03,0.32,1.351202034,3787,0,0,0,0,0,0,0,1
ZBTB7A,ZBTB7Awt/wt,0,0,0,0,0,0,0.55,0.28,0.834173529,3787,0,0,0,0,0,0,0,1
ZBTB7A,ZBTB7Awt/wt,0,0,0,0,0,0,0.77,0.16,0.929823815,3787,0,0,0,0,0,0,0,1
ZBTB7A,ZBTB7Awt/wt,0,0,0,0,0,0,1.43,0.28,1.713277033,3787,0,0,0,0,0,0,0,1
ZBTB7A,ZBTB7Awt/wt,0,0,0,0,0,0,0.71,0.24,0.950270518,3787,0,0,0,0,0,0,0,1
ZBTB7A,ZBTB7Awt/wt,0,0,0,0,0,0,0.6,0.24,0.835253764,3787,0,0,0,0,0,0,0,1
ZBTB7A,ZBTB7Awt/Δ,0,0,0,0,0,1,0.27,0.65,0.914119781,3787,0,0,0,0,0,0,0,1
ZBTB7A,ZBTB7Awt/Δ,0,0,0,0,0,1,0.23,1.07,1.301820375,3787,0,0,0,0,0,0,0,1
ZBTB7A,ZBTB7Awt/Δ,0,0,0,0,0,1,0.19,0.64,0.829389711,3787,0,0,0,0,0,0,0,1
ZBTB7A,ZBTB7Awt/Δ,0,0,0,0,0,1,0.57,0.9,1.47559964,3787,0,0,0,0,0,0,0,1
ZBTB7A,ZBTB7AΔ/Δ,0,0,0,0,0,2,0.34,6.36,6.705801934,3787,0,0,0,0,0,0,0,1
ZBTB7A,ZBTB7AΔ/Δ,0,0,0,0,0,2,0.18,7.31,7.493662314,3787,0,0,0,0,0,0,0,1
ZBTB7A,ZBTB7AΔ/Δ,0,0,0,0,0,2,0.29,6.19,6.483468711,3787,0,0,0,0,0,0,0,1
ZBTB7A,ZBTB7AΔ/Δ,0,0,0,0,0,2,0.34,3.58,3.921610348,3787,0,0,0,0,0,0,0,1
ZBTB7A,ZBTB7AΔ/Δ,0,0,0,0,0,2,0.13,3.25,3.380224171,3787,0,0,0,0,0,0,0,1
ZBTB7A,ZBTB7AΔ/Δ,0,0,0,0,0,2,0.15,2.87,3.014514865,3787,0,0,0,0,0,0,0,1
ZBTB7A,ZBTB7AΔ/Δ,0,0,0,0,0,2,0.08,2.28,2.362299484,3787,0,0,0,0,0,0,0,1
ZBTB7A,ZBTB7AΔ/Δ,0,0,0,0,0,2,0.16,3.84,3.996376556,3787,0,0,0,0,0,0,0,1
BCL11A-exon2xZBTB7A,BCL11A-e2wt/wtxZBTB7Awt/wt,0,0,0,0,0,0,0.43,0.19,0.624073863,3701,0,1,0,0,0,0,0,1
BCL11A-exon2xZBTB7A,BCL11A-e2wt/wtxZBTB7Awt/wt,0,0,0,0,0,0,0.84,0.24,1.080712445,3701,0,1,0,0,0,0,0,1
BCL11A-exon2xZBTB7A,BCL11A-e2wt/wtxZBTB7Awt/wt,0,0,0,0,0,0,0.69,0.33,1.020153085,3817,0,1,0,0,0,0,0,1
BCL11A-exon2xZBTB7A,BCL11A-e2wt/wtxZBTB7A+/Δ,0,0,0,0,0,1,1.07,1.79,2.861823604,3701,0,1,0,0,0,0,0,1
BCL11A-exon2xZBTB7A,BCL11A-e2wt/wtxZBTB7AΔ/Δ,0,0,0,0,0,2,0.19,3.2,3.391135666,3701,0,1,0,0,0,0,0,1
BCL11A-exon2xZBTB7A,BCL11A-e2wt/wtxZBTB7AΔ/Δ,0,0,0,0,0,2,0.29,7.62,7.906294913,3701,0,1,0,0,0,0,0,1
BCL11A-exon2xZBTB7A,BCL11A-e2wt/ΔxZBTB7Awt/wt,1,0,0,0,0,0,0.2,0.78,0.980730122,3701,0,1,0,0,0,0,0,1
BCL11A-exon2xZBTB7A,BCL11A-e2wt/ΔxZBTB7Awt/wt,1,0,0,0,0,0,0.32,0.9,1.217689611,3701,0,1,0,0,0,0,0,1
BCL11A-exon2xZBTB7A,BCL11A-e2wt/ΔxZBTB7Awt/Δ,1,0,0,0,0,1,0.52,4.06,4.580696261,3701,0,1,0,0,0,0,0,1
BCL11A-exon2xZBTB7A,BCL11A-e2wt/ΔxZBTB7AΔ/Δ,1,0,0,0,0,2,0.01,1.45,1.459271753,3701,0,1,0,0,0,0,0,1
BCL11A-exon2xZBTB7A,BCL11A-e2wt/ΔxZBTB7AΔ/Δ,1,0,0,0,0,2,0.05,2.06,2.10492544,3701,0,1,0,0,0,0,0,1
BCL11A-exon2xZBTB7A,BCL11A-e2wt/ΔxZBTB7AΔ/Δ,1,0,0,0,0,2,0.05,2.36,2.415645663,3701,0,1,0,0,0,0,0,1
BCL11A-exon2xZBTB7A,BCL11A-e2wt/ΔxZBTB7AΔ/Δ,1,0,0,0,0,2,0.13,3.32,3.444023118,3701,0,1,0,0,0,0,0,1
BCL11A-exon2xZBTB7A,BCL11A-e2wt/ΔxZBTB7AΔ/Δ,1,0,0,0,0,2,0.09,2.46,2.550066631,3701,0,1,0,0,0,0,0,1
BCL11A-exon2xZBTB7A,BCL11A-e2wt/ΔxZBTB7AΔ/Δ,1,0,0,0,0,2,0.07,2.62,2.6863941,3817,0,1,0,0,0,0,0,1
BCL11A-exon2xZBTB7A,BCL11A-e2wt/ΔxZBTB7AΔ/Δ,1,0,0,0,0,2,0,3.36,3.368010989,3817,0,1,0,0,0,0,0,1
BCL11A-exon2xZBTB7A,BCL11A-e2Δ/ΔxZBTB7A+/Δ,2,0,0,0,0,1,0.28,4.69,4.972604418,3817,0,1,0,0,0,0,0,1
BCL11A-exon2xZBTB7A,BCL11A-e2Δ/ΔxZBTB7AΔ/Δ,2,0,0,0,0,2,0.21,7.16,7.370424671,3701,0,1,0,0,0,0,0,1
BCL11A-exon2xZBTB7A,BCL11A-e2Δ/ΔxZBTB7AΔ/Δ,2,0,0,0,0,2,0.09,7.26,7.34915638,3701,0,1,0,0,0,0,0,1
BCL11A-exon2xZBTB7A,BCL11A-e2Δ/ΔxZBTB7AΔ/Δ,2,0,0,0,0,2,0.05,3.76,3.811751337,3701,0,1,0,0,0,0,0,1
BCL11A-exon2xZBTB7A,BCL11A-e2Δ/ΔxZBTB7AΔ/Δ,2,0,0,0,0,2,0.01,3.81,3.819160626,3701,0,1,0,0,0,0,0,1
BCL11A-exon2xZBTB7A,BCL11A-e2Δ/ΔxZBTB7AΔ/Δ,2,0,0,0,0,2,0,5.62,5.620823115,3701,0,1,0,0,0,0,0,1
BCL11A-exon2xZBTB7A,BCL11A-e2Δ/ΔxZBTB7AΔ/Δ,2,0,0,0,0,2,0,6.5,6.498645844,3701,0,1,0,0,0,0,0,1
BCL11A-exon2xZBTB7A,BCL11A-e2Δ/ΔxZBTB7AΔ/Δ,2,0,0,0,0,2,0,3.48,3.485224841,3701,0,1,0,0,0,0,0,1
BCL11A-exon2xZBTB7A,BCL11A-e2Δ/ΔxZBTB7AΔ/Δ,2,0,0,0,0,2,0.01,5.74,5.741660247,3817,0,1,0,0,0,0,0,1
BCL11A-exon2xZBTB7A,BCL11A-e2Δ/ΔxZBTB7AΔ/Δ,2,0,0,0,0,2,0,6.45,6.457528833,3817,0,1,0,0,0,0,0,1
HBB-3.5kbxZBTB7A,HBB-3.5kb+/+xZBTB7A+/+,0,0,0,0,0,0,0.55,0.17,0.72202568,3701,0,0,0,1,0,1,0,1
HBB-3.5kbxZBTB7A,HBB-3.5kb+/+xZBTB7AΔ/Δ,0,0,0,0,0,2,0.43,3.78,4.210548033,3817,0,0,0,1,0,1,0,1
HBB-3.5kbxZBTB7A,HBB-3.5kb+/+xZBTB7AΔ/Δ,0,0,0,0,0,2,0.1,2.39,2.492352982,3817,0,0,0,1,0,1,0,1
HBB-3.5kbxZBTB7A,HBB-3.5kb+/ΔxZBTB7A+/+,0,1,1,0,0,0,0.07,0.53,0.597339201,3817,0,0,0,1,0,1,0,1
HBB-3.5kbxZBTB7A,HBB-3.5kb+/ΔxZBTB7A+/+,0,1,1,0,0,0,0.36,0.72,1.080470753,3817,0,0,0,1,0,1,0,1
HBB-3.5kbxZBTB7A,HBB-3.5kb+/ΔxZBTB7A+/+,0,1,1,0,0,0,0.11,0.84,0.948963569,3817,0,0,0,1,0,1,0,1
HBB-3.5kbxZBTB7A,HBB-3.5kb+/ΔxZBTB7A+/+,0,1,1,0,0,0,0.06,0.3,0.36058056,3701,0,0,0,1,0,1,0,1
HBB-3.5kbxZBTB7A,HBB-3.5kb+/ΔxZBTB7A+/Δ,0,1,1,0,0,1,0.27,1.65,1.9151254,3817,0,0,0,1,0,1,0,1
HBB-3.5kbxZBTB7A,HBB-3.5kb+/ΔxZBTB7AΔ/Δ,0,1,1,0,0,2,0.03,1.18,1.214024475,3701,0,0,0,1,0,1,0,1
HBB-3.5kbxZBTB7A,HBB-3.5kb+/ΔxZBTB7AΔ/Δ,0,1,1,0,0,2,0.03,1.22,1.25636616,3701,0,0,0,1,0,1,0,1
HBB-3.5kbxZBTB7A,HBB-3.5kb+/ΔxZBTB7AΔ/Δ,0,1,1,0,0,2,0.04,1.39,1.421255974,3701,0,0,0,1,0,1,0,1
HBB-3.5kbxZBTB7A,HBB-3.5kb+/ΔxZBTB7AΔ/Δ,0,1,1,0,0,2,0.06,1.67,1.73224412,3817,0,0,0,1,0,1,0,1
HBB-3.5kbxZBTB7A,HBB-3.5kb+/ΔxZBTB7AΔ/Δ,0,1,1,0,0,2,0.06,1.09,1.155933245,3817,0,0,0,1,0,1,0,1
HBB-3.5kbxZBTB7A,HBB-3.5kbΔ/ΔxZBTB7A+/+,0,2,2,0,0,0,0,0.85,0.852639588,3817,0,0,0,1,0,1,0,1
HBB-3.5kbxZBTB7A,HBB-3.5kbΔ/ΔxZBTB7A+/Δ,0,2,2,0,0,1,0,0.9,0.895026151,3701,0,0,0,1,0,1,0,1
HBB-3.5kbxZBTB7A,HBB-3.5kbΔ/ΔxZBTB7A+/Δ,0,2,2,0,0,1,0,1.21,1.214195135,3701,0,0,0,1,0,1,0,1
HBB-3.5kbxZBTB7A,HBB-3.5kbΔ/ΔxZBTB7A+/Δ,0,2,2,0,0,1,0,0.75,0.747424678,3701,0,0,0,1,0,1,0,1
HBB-3.5kbxZBTB7A,HBB-3.5kbΔ/ΔxZBTB7A+/Δ,0,2,2,0,0,1,0,1.05,1.049716822,3817,0,0,0,1,0,1,0,1
HBB-3.5kbxZBTB7A,HBB-3.5kbΔ/ΔxZBTB7A+/Δ,0,2,2,0,0,1,0,1.28,1.283448238,3817,0,0,0,1,0,1,0,1
HBB-3.5kbxZBTB7A,HBB-3.5kbΔ/ΔxZBTB7AΔ/Δ,0,2,2,0,0,2,0.06,1.77,1.82877846,3701,0,0,0,1,0,1,0,1
HBB-3.5kbxZBTB7A,HBB-3.5kbΔ/ΔxZBTB7AΔ/Δ,0,2,2,0,0,2,0,1.84,1.840376484,3701,0,0,0,1,0,1,0,1
HBB-3.5kbxZBTB7A,HBB-3.5kbΔ/ΔxZBTB7AΔ/Δ,0,2,2,0,0,2,0,1.88,1.879064415,3701,0,0,0,1,0,1,0,1
HBB-3.5kbxZBTB7A,HBB-3.5kbΔ/ΔxZBTB7AΔ/Δ,0,2,2,0,0,2,0,1.73,1.729078495,3701,0,0,0,1,0,1,0,1
HBB-3.5kbxZBTB7A,HBB-3.5kbΔ/ΔxZBTB7AΔ/Δ,0,2,2,0,0,2,0,2.45,2.445283466,3817,0,0,0,1,0,1,0,1